sku,product_name,category,short_description,price_usd,status,stock_band,material,color,dimensions,care_instructions,product_url,last_updated,data_owner
HPL-ORG-001,Cove Entryway Tray,Home Organization,"A practical home organization essential designed for calm, organized everyday spaces.",23.00,active,healthy,Bamboo,Natural,9 x 6 x 2 in,Wipe with a soft damp cloth; do not soak or use abrasives.,https://harborandpine.example/products/hpl-org-001,2026-07-02,Catalog Manager
HPL-ORG-002,Harbor Stack Bin,Home Organization,"A practical home organization essential designed for calm, organized everyday spaces.",30.50,active,moderate,Acacia wood,Sand,10 x 7 x 3 in,Wipe with a soft damp cloth; do not soak or use abrasives.,https://harborandpine.example/products/hpl-org-002,2026-07-03,Catalog Manager
HPL-ORG-003,Pine Ridge Storage Basket,Home Organization,"A practical home organization essential designed for calm, organized everyday spaces.",37.00,active,healthy,Recycled PET felt,Slate,11 x 8 x 4 in,Wipe with a soft damp cloth; do not soak or use abrasives.,https://harborandpine.example/products/hpl-org-003,2026-07-04,Catalog Manager
HPL-ORG-004,Tide Wall Hook Rail,Home Organization,"A practical home organization essential designed for calm, organized everyday spaces.",44.50,active,healthy,Powder-coated steel,Forest,12 x 9 x 5 in,Machine wash cold; air dry.,https://harborandpine.example/products/hpl-org-004,2026-07-05,Catalog Manager
HPL-ORG-005,Drift Shelf Riser,Home Organization,"A practical home organization essential designed for calm, organized everyday spaces.",51.00,active,moderate,Organic cotton,Ivory,13 x 10 x 6 in,Wipe with a soft damp cloth; do not soak or use abrasives.,https://harborandpine.example/products/hpl-org-005,2026-07-06,Catalog Manager
HPL-ORG-006,Stonewell Drawer Divider,Home Organization,"A practical home organization essential designed for calm, organized everyday spaces.",58.50,active,healthy,Borosilicate glass,Terracotta,14 x 11 x 7 in,Wipe with a soft damp cloth; do not soak or use abrasives.,https://harborandpine.example/products/hpl-org-006,2026-07-07,Catalog Manager
HPL-ORG-007,Shoreline Label Holder,Home Organization,"A practical home organization essential designed for calm, organized everyday spaces.",65.00,active,healthy,Diatomaceous stone,Navy,15 x 12 x 8 in,Wipe with a soft damp cloth; do not soak or use abrasives.,https://harborandpine.example/products/hpl-org-007,2026-07-08,Catalog Manager
HPL-ORG-008,Cedar Shoe Rack,Home Organization,"A practical home organization essential designed for calm, organized everyday spaces.",72.50,active,moderate,Recycled polyester,Charcoal,16 x 13 x 1 in,Machine wash cold; air dry.,https://harborandpine.example/products/hpl-org-008,2026-07-09,Catalog Manager
HPL-ORG-009,Juniper Catchall Bowl,Home Organization,"A practical home organization essential designed for calm, organized everyday spaces.",79.00,active,healthy,Cotton canvas,Natural,17 x 14 x 2 in,Wipe with a soft damp cloth; do not soak or use abrasives.,https://harborandpine.example/products/hpl-org-009,2026-07-10,Catalog Manager
HPL-ORG-010,Mesa Underbed Bag,Home Organization,"A practical home organization essential designed for calm, organized everyday spaces.",86.50,active,healthy,Steel and bamboo,Sand,18 x 15 x 3 in,Wipe with a soft damp cloth; do not soak or use abrasives.,https://harborandpine.example/products/hpl-org-010,2026-07-11,Catalog Manager
HPL-ORG-011,Willow Entryway Tray,Home Organization,"A practical home organization essential designed for calm, organized everyday spaces.",93.00,active,moderate,Bamboo,Slate,19 x 16 x 4 in,Wipe with a soft damp cloth; do not soak or use abrasives.,https://harborandpine.example/products/hpl-org-011,2026-07-12,Catalog Manager
HPL-ORG-012,Seabrook Stack Bin,Home Organization,"A practical home organization essential designed for calm, organized everyday spaces.",17.50,active,healthy,Acacia wood,Forest,20 x 5 x 5 in,Machine wash cold; air dry.,https://harborandpine.example/products/hpl-org-012,2026-07-13,Catalog Manager
HPL-ORG-013,Northwind Storage Basket,Home Organization,"A practical home organization essential designed for calm, organized everyday spaces.",24.00,active,healthy,Recycled PET felt,Ivory,21 x 6 x 6 in,Wipe with a soft damp cloth; do not soak or use abrasives.,https://harborandpine.example/products/hpl-org-013,2026-07-14,Catalog Manager
HPL-ORG-014,Bayview Wall Hook Rail,Home Organization,"A practical home organization essential designed for calm, organized everyday spaces.",31.50,active,moderate,Powder-coated steel,Terracotta,22 x 7 x 7 in,Wipe with a soft damp cloth; do not soak or use abrasives.,https://harborandpine.example/products/hpl-org-014,2026-07-15,Catalog Manager
HPL-ORG-015,Hearth Shelf Riser,Home Organization,"A practical home organization essential designed for calm, organized everyday spaces.",38.00,active,healthy,Organic cotton,Navy,23 x 8 x 8 in,Wipe with a soft damp cloth; do not soak or use abrasives.,https://harborandpine.example/products/hpl-org-015,2026-07-16,Catalog Manager
HPL-ORG-016,Cove Drawer Divider,Home Organization,"A practical home organization essential designed for calm, organized everyday spaces.",45.50,active,healthy,Borosilicate glass,Charcoal,24 x 9 x 1 in,Machine wash cold; air dry.,https://harborandpine.example/products/hpl-org-016,2026-07-17,Catalog Manager
HPL-ORG-017,Harbor Label Holder,Home Organization,"A practical home organization essential designed for calm, organized everyday spaces.",52.00,active,moderate,Diatomaceous stone,Natural,25 x 10 x 2 in,Wipe with a soft damp cloth; do not soak or use abrasives.,https://harborandpine.example/products/hpl-org-017,2026-07-18,Catalog Manager
HPL-ORG-018,Pine Ridge Shoe Rack,Home Organization,"A practical home organization essential designed for calm, organized everyday spaces.",59.50,active,healthy,Recycled polyester,Sand,8 x 11 x 3 in,Wipe with a soft damp cloth; do not soak or use abrasives.,https://harborandpine.example/products/hpl-org-018,2026-07-01,Catalog Manager
HPL-ORG-019,Tide Catchall Bowl,Home Organization,"A practical home organization essential designed for calm, organized everyday spaces.",66.00,active,healthy,Cotton canvas,Slate,9 x 12 x 4 in,Wipe with a soft damp cloth; do not soak or use abrasives.,https://harborandpine.example/products/hpl-org-019,2026-07-02,Catalog Manager
HPL-ORG-020,Drift Underbed Bag,Home Organization,"A practical home organization essential designed for calm, organized everyday spaces.",73.50,active,moderate,Steel and bamboo,Forest,10 x 13 x 5 in,Machine wash cold; air dry.,https://harborandpine.example/products/hpl-org-020,2026-07-03,Catalog Manager
HPL-ORG-021,Stonewell Entryway Tray,Home Organization,"A practical home organization essential designed for calm, organized everyday spaces.",80.00,active,healthy,Bamboo,Ivory,11 x 14 x 6 in,Wipe with a soft damp cloth; do not soak or use abrasives.,https://harborandpine.example/products/hpl-org-021,2026-07-04,Catalog Manager
HPL-ORG-022,Shoreline Stack Bin,Home Organization,"A practical home organization essential designed for calm, organized everyday spaces.",87.50,active,healthy,Acacia wood,Terracotta,12 x 15 x 7 in,Wipe with a soft damp cloth; do not soak or use abrasives.,https://harborandpine.example/products/hpl-org-022,2026-07-05,Catalog Manager
HPL-ORG-023,Cedar Storage Basket,Home Organization,"A practical home organization essential designed for calm, organized everyday spaces.",94.00,active,moderate,Recycled PET felt,Navy,13 x 16 x 8 in,Wipe with a soft damp cloth; do not soak or use abrasives.,https://harborandpine.example/products/hpl-org-023,2026-07-06,Catalog Manager
HPL-ORG-024,Juniper Wall Hook Rail,Home Organization,"A practical home organization essential designed for calm, organized everyday spaces.",18.50,active,healthy,Powder-coated steel,Charcoal,14 x 5 x 1 in,Machine wash cold; air dry.,https://harborandpine.example/products/hpl-org-024,2026-07-07,Catalog Manager
HPL-ORG-025,Mesa Shelf Riser,Home Organization,"A practical home organization essential designed for calm, organized everyday spaces.",25.00,active,healthy,Organic cotton,Natural,15 x 6 x 2 in,Wipe with a soft damp cloth; do not soak or use abrasives.,https://harborandpine.example/products/hpl-org-025,2026-07-08,Catalog Manager
HPL-ORG-026,Willow Drawer Divider,Home Organization,"A practical home organization essential designed for calm, organized everyday spaces.",32.50,active,moderate,Borosilicate glass,Sand,16 x 7 x 3 in,Wipe with a soft damp cloth; do not soak or use abrasives.,https://harborandpine.example/products/hpl-org-026,2026-07-09,Catalog Manager
HPL-ORG-027,Seabrook Label Holder,Home Organization,"A practical home organization essential designed for calm, organized everyday spaces.",39.00,active,healthy,Diatomaceous stone,Slate,17 x 8 x 4 in,Wipe with a soft damp cloth; do not soak or use abrasives.,https://harborandpine.example/products/hpl-org-027,2026-07-10,Catalog Manager
HPL-ORG-028,Northwind Shoe Rack,Home Organization,"A practical home organization essential designed for calm, organized everyday spaces.",46.50,active,healthy,Recycled polyester,Forest,18 x 9 x 5 in,Machine wash cold; air dry.,https://harborandpine.example/products/hpl-org-028,2026-07-11,Catalog Manager
HPL-ORG-029,Bayview Catchall Bowl,Home Organization,"A practical home organization essential designed for calm, organized everyday spaces.",53.00,active,moderate,Cotton canvas,Ivory,19 x 10 x 6 in,Wipe with a soft damp cloth; do not soak or use abrasives.,https://harborandpine.example/products/hpl-org-029,2026-07-12,Catalog Manager
HPL-ORG-030,Hearth Underbed Bag,Home Organization,"A practical home organization essential designed for calm, organized everyday spaces.",60.50,active,healthy,Steel and bamboo,Terracotta,20 x 11 x 7 in,Wipe with a soft damp cloth; do not soak or use abrasives.,https://harborandpine.example/products/hpl-org-030,2026-07-13,Catalog Manager
HPL-KIT-001,Cove Utensil Caddy,Kitchen,"A practical kitchen essential designed for calm, organized everyday spaces.",67.00,active,healthy,Bamboo,Navy,21 x 12 x 8 in,Wipe with a soft damp cloth; do not soak or use abrasives.,https://harborandpine.example/products/hpl-kit-001,2026-07-14,Catalog Manager
HPL-KIT-002,Harbor Glass Canister,Kitchen,"A practical kitchen essential designed for calm, organized everyday spaces.",74.50,active,moderate,Acacia wood,Charcoal,22 x 13 x 1 in,Machine wash cold; air dry.,https://harborandpine.example/products/hpl-kit-002,2026-07-15,Catalog Manager
HPL-KIT-003,Pine Ridge Cutting Board,Kitchen,"A practical kitchen essential designed for calm, organized everyday spaces.",81.00,active,healthy,Recycled PET felt,Natural,23 x 14 x 2 in,Wipe with a soft damp cloth; do not soak or use abrasives.,https://harborandpine.example/products/hpl-kit-003,2026-07-16,Catalog Manager
HPL-KIT-004,Tide Pantry Bin,Kitchen,"A practical kitchen essential designed for calm, organized everyday spaces.",88.50,active,healthy,Powder-coated steel,Sand,24 x 15 x 3 in,Wipe with a soft damp cloth; do not soak or use abrasives.,https://harborandpine.example/products/hpl-kit-004,2026-07-17,Catalog Manager
HPL-KIT-005,Drift Dish Rack,Kitchen,"A practical kitchen essential designed for calm, organized everyday spaces.",95.00,active,moderate,Organic cotton,Slate,25 x 16 x 4 in,Wipe with a soft damp cloth; do not soak or use abrasives.,https://harborandpine.example/products/hpl-kit-005,2026-07-18,Catalog Manager
HPL-KIT-006,Stonewell Recipe Stand,Kitchen,"A practical kitchen essential designed for calm, organized everyday spaces.",19.50,active,healthy,Borosilicate glass,Forest,8 x 5 x 5 in,Machine wash cold; air dry.,https://harborandpine.example/products/hpl-kit-006,2026-07-01,Catalog Manager
HPL-KIT-007,Shoreline Tea Organizer,Kitchen,"A practical kitchen essential designed for calm, organized everyday spaces.",26.00,active,healthy,Diatomaceous stone,Ivory,9 x 6 x 6 in,Wipe with a soft damp cloth; do not soak or use abrasives.,https://harborandpine.example/products/hpl-kit-007,2026-07-02,Catalog Manager
HPL-KIT-008,Cedar Counter Tray,Kitchen,"A practical kitchen essential designed for calm, organized everyday spaces.",33.50,active,moderate,Recycled polyester,Terracotta,10 x 7 x 7 in,Wipe with a soft damp cloth; do not soak or use abrasives.,https://harborandpine.example/products/hpl-kit-008,2026-07-03,Catalog Manager
HPL-KIT-009,Juniper Produce Basket,Kitchen,"A practical kitchen essential designed for calm, organized everyday spaces.",40.00,active,healthy,Cotton canvas,Navy,11 x 8 x 8 in,Wipe with a soft damp cloth; do not soak or use abrasives.,https://harborandpine.example/products/hpl-kit-009,2026-07-04,Catalog Manager
HPL-KIT-010,Mesa Spice Shelf,Kitchen,"A practical kitchen essential designed for calm, organized everyday spaces.",47.50,active,healthy,Steel and bamboo,Charcoal,12 x 9 x 1 in,Machine wash cold; air dry.,https://harborandpine.example/products/hpl-kit-010,2026-07-05,Catalog Manager
HPL-KIT-011,Willow Utensil Caddy,Kitchen,"A practical kitchen essential designed for calm, organized everyday spaces.",54.00,active,moderate,Bamboo,Natural,13 x 10 x 2 in,Wipe with a soft damp cloth; do not soak or use abrasives.,https://harborandpine.example/products/hpl-kit-011,2026-07-06,Catalog Manager
HPL-KIT-012,Seabrook Glass Canister,Kitchen,"A practical kitchen essential designed for calm, organized everyday spaces.",61.50,active,healthy,Acacia wood,Sand,14 x 11 x 3 in,Wipe with a soft damp cloth; do not soak or use abrasives.,https://harborandpine.example/products/hpl-kit-012,2026-07-07,Catalog Manager
HPL-KIT-013,Northwind Cutting Board,Kitchen,"A practical kitchen essential designed for calm, organized everyday spaces.",68.00,active,healthy,Recycled PET felt,Slate,15 x 12 x 4 in,Wipe with a soft damp cloth; do not soak or use abrasives.,https://harborandpine.example/products/hpl-kit-013,2026-07-08,Catalog Manager
HPL-KIT-014,Bayview Pantry Bin,Kitchen,"A practical kitchen essential designed for calm, organized everyday spaces.",75.50,active,moderate,Powder-coated steel,Forest,16 x 13 x 5 in,Machine wash cold; air dry.,https://harborandpine.example/products/hpl-kit-014,2026-07-09,Catalog Manager
HPL-KIT-015,Hearth Dish Rack,Kitchen,"A practical kitchen essential designed for calm, organized everyday spaces.",82.00,active,healthy,Organic cotton,Ivory,17 x 14 x 6 in,Wipe with a soft damp cloth; do not soak or use abrasives.,https://harborandpine.example/products/hpl-kit-015,2026-07-10,Catalog Manager
HPL-KIT-016,Cove Recipe Stand,Kitchen,"A practical kitchen essential designed for calm, organized everyday spaces.",89.50,active,healthy,Borosilicate glass,Terracotta,18 x 15 x 7 in,Wipe with a soft damp cloth; do not soak or use abrasives.,https://harborandpine.example/products/hpl-kit-016,2026-07-11,Catalog Manager
HPL-KIT-017,Harbor Tea Organizer,Kitchen,"A practical kitchen essential designed for calm, organized everyday spaces.",96.00,active,moderate,Diatomaceous stone,Navy,19 x 16 x 8 in,Wipe with a soft damp cloth; do not soak or use abrasives.,https://harborandpine.example/products/hpl-kit-017,2026-07-12,Catalog Manager
HPL-KIT-018,Pine Ridge Counter Tray,Kitchen,"A practical kitchen essential designed for calm, organized everyday spaces.",20.50,active,healthy,Recycled polyester,Charcoal,20 x 5 x 1 in,Machine wash cold; air dry.,https://harborandpine.example/products/hpl-kit-018,2026-07-13,Catalog Manager
HPL-KIT-019,Tide Produce Basket,Kitchen,"A practical kitchen essential designed for calm, organized everyday spaces.",27.00,active,healthy,Cotton canvas,Natural,21 x 6 x 2 in,Wipe with a soft damp cloth; do not soak or use abrasives.,https://harborandpine.example/products/hpl-kit-019,2026-07-14,Catalog Manager
HPL-KIT-020,Drift Spice Shelf,Kitchen,"A practical kitchen essential designed for calm, organized everyday spaces.",34.50,active,moderate,Steel and bamboo,Sand,22 x 7 x 3 in,Wipe with a soft damp cloth; do not soak or use abrasives.,https://harborandpine.example/products/hpl-kit-020,2026-07-15,Catalog Manager
HPL-KIT-021,Stonewell Utensil Caddy,Kitchen,"A practical kitchen essential designed for calm, organized everyday spaces.",41.00,active,healthy,Bamboo,Slate,23 x 8 x 4 in,Wipe with a soft damp cloth; do not soak or use abrasives.,https://harborandpine.example/products/hpl-kit-021,2026-07-16,Catalog Manager
HPL-KIT-022,Shoreline Glass Canister,Kitchen,"A practical kitchen essential designed for calm, organized everyday spaces.",48.50,active,healthy,Acacia wood,Forest,24 x 9 x 5 in,Machine wash cold; air dry.,https://harborandpine.example/products/hpl-kit-022,2026-07-17,Catalog Manager
HPL-KIT-023,Cedar Cutting Board,Kitchen,"A practical kitchen essential designed for calm, organized everyday spaces.",55.00,active,moderate,Recycled PET felt,Ivory,25 x 10 x 6 in,Wipe with a soft damp cloth; do not soak or use abrasives.,https://harborandpine.example/products/hpl-kit-023,2026-07-18,Catalog Manager
HPL-KIT-024,Juniper Pantry Bin,Kitchen,"A practical kitchen essential designed for calm, organized everyday spaces.",62.50,active,healthy,Powder-coated steel,Terracotta,8 x 11 x 7 in,Wipe with a soft damp cloth; do not soak or use abrasives.,https://harborandpine.example/products/hpl-kit-024,2026-07-01,Catalog Manager
HPL-KIT-025,Mesa Dish Rack,Kitchen,"A practical kitchen essential designed for calm, organized everyday spaces.",69.00,active,healthy,Organic cotton,Navy,9 x 12 x 8 in,Wipe with a soft damp cloth; do not soak or use abrasives.,https://harborandpine.example/products/hpl-kit-025,2026-07-02,Catalog Manager
HPL-KIT-026,Willow Recipe Stand,Kitchen,"A practical kitchen essential designed for calm, organized everyday spaces.",76.50,active,moderate,Borosilicate glass,Charcoal,10 x 13 x 1 in,Machine wash cold; air dry.,https://harborandpine.example/products/hpl-kit-026,2026-07-03,Catalog Manager
HPL-KIT-027,Seabrook Tea Organizer,Kitchen,"A practical kitchen essential designed for calm, organized everyday spaces.",83.00,active,healthy,Diatomaceous stone,Natural,11 x 14 x 2 in,Wipe with a soft damp cloth; do not soak or use abrasives.,https://harborandpine.example/products/hpl-kit-027,2026-07-04,Catalog Manager
HPL-KIT-028,Northwind Counter Tray,Kitchen,"A practical kitchen essential designed for calm, organized everyday spaces.",90.50,active,healthy,Recycled polyester,Sand,12 x 15 x 3 in,Wipe with a soft damp cloth; do not soak or use abrasives.,https://harborandpine.example/products/hpl-kit-028,2026-07-05,Catalog Manager
HPL-KIT-029,Bayview Produce Basket,Kitchen,"A practical kitchen essential designed for calm, organized everyday spaces.",97.00,active,moderate,Cotton canvas,Slate,13 x 16 x 4 in,Wipe with a soft damp cloth; do not soak or use abrasives.,https://harborandpine.example/products/hpl-kit-029,2026-07-06,Catalog Manager
HPL-KIT-030,Hearth Spice Shelf,Kitchen,"A practical kitchen essential designed for calm, organized everyday spaces.",21.50,active,healthy,Steel and bamboo,Forest,14 x 5 x 5 in,Machine wash cold; air dry.,https://harborandpine.example/products/hpl-kit-030,2026-07-07,Catalog Manager
HPL-BTH-001,Cove Cotton Bath Mat,Bath,"A practical bath essential designed for calm, organized everyday spaces.",28.00,active,healthy,Bamboo,Ivory,15 x 6 x 6 in,Wipe with a soft damp cloth; do not soak or use abrasives.,https://harborandpine.example/products/hpl-bth-001,2026-07-08,Catalog Manager
HPL-BTH-002,Harbor Soap Tray,Bath,"A practical bath essential designed for calm, organized everyday spaces.",35.50,active,moderate,Acacia wood,Terracotta,16 x 7 x 7 in,Wipe with a soft damp cloth; do not soak or use abrasives.,https://harborandpine.example/products/hpl-bth-002,2026-07-09,Catalog Manager
HPL-BTH-003,Pine Ridge Towel Ladder,Bath,"A practical bath essential designed for calm, organized everyday spaces.",42.00,active,healthy,Recycled PET felt,Navy,17 x 8 x 8 in,Wipe with a soft damp cloth; do not soak or use abrasives.,https://harborandpine.example/products/hpl-bth-003,2026-07-10,Catalog Manager
HPL-BTH-004,Tide Shower Caddy,Bath,"A practical bath essential designed for calm, organized everyday spaces.",49.50,active,healthy,Powder-coated steel,Charcoal,18 x 9 x 1 in,Machine wash cold; air dry.,https://harborandpine.example/products/hpl-bth-004,2026-07-11,Catalog Manager
HPL-BTH-005,Drift Vanity Organizer,Bath,"A practical bath essential designed for calm, organized everyday spaces.",56.00,active,moderate,Organic cotton,Natural,19 x 10 x 2 in,Wipe with a soft damp cloth; do not soak or use abrasives.,https://harborandpine.example/products/hpl-bth-005,2026-07-12,Catalog Manager
HPL-BTH-006,Stonewell Laundry Basket,Bath,"A practical bath essential designed for calm, organized everyday spaces.",63.50,active,healthy,Borosilicate glass,Sand,20 x 11 x 3 in,Wipe with a soft damp cloth; do not soak or use abrasives.,https://harborandpine.example/products/hpl-bth-006,2026-07-13,Catalog Manager
HPL-BTH-007,Shoreline Tissue Cover,Bath,"A practical bath essential designed for calm, organized everyday spaces.",70.00,active,healthy,Diatomaceous stone,Slate,21 x 12 x 4 in,Wipe with a soft damp cloth; do not soak or use abrasives.,https://harborandpine.example/products/hpl-bth-007,2026-07-14,Catalog Manager
HPL-BTH-008,Cedar Bath Caddy,Bath,"A practical bath essential designed for calm, organized everyday spaces.",77.50,active,moderate,Recycled polyester,Forest,22 x 13 x 5 in,Machine wash cold; air dry.,https://harborandpine.example/products/hpl-bth-008,2026-07-15,Catalog Manager
HPL-BTH-009,Juniper Cotton Jar,Bath,"A practical bath essential designed for calm, organized everyday spaces.",84.00,active,healthy,Cotton canvas,Ivory,23 x 14 x 6 in,Wipe with a soft damp cloth; do not soak or use abrasives.,https://harborandpine.example/products/hpl-bth-009,2026-07-16,Catalog Manager
HPL-BTH-010,Mesa Toothbrush Stand,Bath,"A practical bath essential designed for calm, organized everyday spaces.",91.50,active,healthy,Steel and bamboo,Terracotta,24 x 15 x 7 in,Wipe with a soft damp cloth; do not soak or use abrasives.,https://harborandpine.example/products/hpl-bth-010,2026-07-17,Catalog Manager
HPL-BTH-011,Willow Cotton Bath Mat,Bath,"A practical bath essential designed for calm, organized everyday spaces.",98.00,active,moderate,Bamboo,Navy,25 x 16 x 8 in,Wipe with a soft damp cloth; do not soak or use abrasives.,https://harborandpine.example/products/hpl-bth-011,2026-07-18,Catalog Manager
HPL-BTH-012,Seabrook Soap Tray,Bath,"A practical bath essential designed for calm, organized everyday spaces.",22.50,active,healthy,Acacia wood,Charcoal,8 x 5 x 1 in,Machine wash cold; air dry.,https://harborandpine.example/products/hpl-bth-012,2026-07-01,Catalog Manager
HPL-BTH-013,Northwind Towel Ladder,Bath,"A practical bath essential designed for calm, organized everyday spaces.",29.00,active,healthy,Recycled PET felt,Natural,9 x 6 x 2 in,Wipe with a soft damp cloth; do not soak or use abrasives.,https://harborandpine.example/products/hpl-bth-013,2026-07-02,Catalog Manager
HPL-BTH-014,Bayview Shower Caddy,Bath,"A practical bath essential designed for calm, organized everyday spaces.",36.50,active,moderate,Powder-coated steel,Sand,10 x 7 x 3 in,Wipe with a soft damp cloth; do not soak or use abrasives.,https://harborandpine.example/products/hpl-bth-014,2026-07-03,Catalog Manager
HPL-BTH-015,Hearth Vanity Organizer,Bath,"A practical bath essential designed for calm, organized everyday spaces.",43.00,active,healthy,Organic cotton,Slate,11 x 8 x 4 in,Wipe with a soft damp cloth; do not soak or use abrasives.,https://harborandpine.example/products/hpl-bth-015,2026-07-04,Catalog Manager
HPL-BTH-016,Cove Laundry Basket,Bath,"A practical bath essential designed for calm, organized everyday spaces.",50.50,active,healthy,Borosilicate glass,Forest,12 x 9 x 5 in,Machine wash cold; air dry.,https://harborandpine.example/products/hpl-bth-016,2026-07-05,Catalog Manager
HPL-BTH-017,Harbor Tissue Cover,Bath,"A practical bath essential designed for calm, organized everyday spaces.",57.00,active,moderate,Diatomaceous stone,Ivory,13 x 10 x 6 in,Wipe with a soft damp cloth; do not soak or use abrasives.,https://harborandpine.example/products/hpl-bth-017,2026-07-06,Catalog Manager
HPL-BTH-018,Pine Ridge Bath Caddy,Bath,"A practical bath essential designed for calm, organized everyday spaces.",64.50,active,healthy,Recycled polyester,Terracotta,14 x 11 x 7 in,Wipe with a soft damp cloth; do not soak or use abrasives.,https://harborandpine.example/products/hpl-bth-018,2026-07-07,Catalog Manager
HPL-BTH-019,Tide Cotton Jar,Bath,"A practical bath essential designed for calm, organized everyday spaces.",71.00,active,healthy,Cotton canvas,Navy,15 x 12 x 8 in,Wipe with a soft damp cloth; do not soak or use abrasives.,https://harborandpine.example/products/hpl-bth-019,2026-07-08,Catalog Manager
HPL-BTH-020,Drift Toothbrush Stand,Bath,"A practical bath essential designed for calm, organized everyday spaces.",78.50,active,moderate,Steel and bamboo,Charcoal,16 x 13 x 1 in,Machine wash cold; air dry.,https://harborandpine.example/products/hpl-bth-020,2026-07-09,Catalog Manager
HPL-BTH-021,Stonewell Cotton Bath Mat,Bath,"A practical bath essential designed for calm, organized everyday spaces.",85.00,active,healthy,Bamboo,Natural,17 x 14 x 2 in,Wipe with a soft damp cloth; do not soak or use abrasives.,https://harborandpine.example/products/hpl-bth-021,2026-07-10,Catalog Manager
HPL-BTH-022,Shoreline Soap Tray,Bath,"A practical bath essential designed for calm, organized everyday spaces.",92.50,active,healthy,Acacia wood,Sand,18 x 15 x 3 in,Wipe with a soft damp cloth; do not soak or use abrasives.,https://harborandpine.example/products/hpl-bth-022,2026-07-11,Catalog Manager
HPL-BTH-023,Cedar Towel Ladder,Bath,"A practical bath essential designed for calm, organized everyday spaces.",16.00,active,moderate,Recycled PET felt,Slate,19 x 16 x 4 in,Wipe with a soft damp cloth; do not soak or use abrasives.,https://harborandpine.example/products/hpl-bth-023,2026-07-12,Catalog Manager
HPL-BTH-024,Juniper Shower Caddy,Bath,"A practical bath essential designed for calm, organized everyday spaces.",23.50,active,healthy,Powder-coated steel,Forest,20 x 5 x 5 in,Machine wash cold; air dry.,https://harborandpine.example/products/hpl-bth-024,2026-07-13,Catalog Manager
HPL-BTH-025,Mesa Vanity Organizer,Bath,"A practical bath essential designed for calm, organized everyday spaces.",30.00,active,healthy,Organic cotton,Ivory,21 x 6 x 6 in,Wipe with a soft damp cloth; do not soak or use abrasives.,https://harborandpine.example/products/hpl-bth-025,2026-07-14,Catalog Manager
HPL-BTH-026,Willow Laundry Basket,Bath,"A practical bath essential designed for calm, organized everyday spaces.",37.50,active,moderate,Borosilicate glass,Terracotta,22 x 7 x 7 in,Wipe with a soft damp cloth; do not soak or use abrasives.,https://harborandpine.example/products/hpl-bth-026,2026-07-15,Catalog Manager
HPL-BTH-027,Seabrook Tissue Cover,Bath,"A practical bath essential designed for calm, organized everyday spaces.",44.00,active,healthy,Diatomaceous stone,Navy,23 x 8 x 8 in,Wipe with a soft damp cloth; do not soak or use abrasives.,https://harborandpine.example/products/hpl-bth-027,2026-07-16,Catalog Manager
HPL-BTH-028,Northwind Bath Caddy,Bath,"A practical bath essential designed for calm, organized everyday spaces.",51.50,active,healthy,Recycled polyester,Charcoal,24 x 9 x 1 in,Machine wash cold; air dry.,https://harborandpine.example/products/hpl-bth-028,2026-07-17,Catalog Manager
HPL-BTH-029,Bayview Cotton Jar,Bath,"A practical bath essential designed for calm, organized everyday spaces.",58.00,active,moderate,Cotton canvas,Natural,25 x 10 x 2 in,Wipe with a soft damp cloth; do not soak or use abrasives.,https://harborandpine.example/products/hpl-bth-029,2026-07-18,Catalog Manager
HPL-BTH-030,Hearth Toothbrush Stand,Bath,"A practical bath essential designed for calm, organized everyday spaces.",65.50,active,healthy,Steel and bamboo,Sand,8 x 11 x 3 in,Wipe with a soft damp cloth; do not soak or use abrasives.,https://harborandpine.example/products/hpl-bth-030,2026-07-01,Catalog Manager
HPL-OFF-001,Cove Desk Shelf,Office,"A practical office essential designed for calm, organized everyday spaces.",72.00,active,healthy,Bamboo,Slate,9 x 12 x 4 in,Wipe with a soft damp cloth; do not soak or use abrasives.,https://harborandpine.example/products/hpl-off-001,2026-07-02,Catalog Manager
HPL-OFF-002,Harbor Cable Box,Office,"A practical office essential designed for calm, organized everyday spaces.",79.50,active,moderate,Acacia wood,Forest,10 x 13 x 5 in,Machine wash cold; air dry.,https://harborandpine.example/products/hpl-off-002,2026-07-03,Catalog Manager
HPL-OFF-003,Pine Ridge Document Tray,Office,"A practical office essential designed for calm, organized everyday spaces.",86.00,active,healthy,Recycled PET felt,Ivory,11 x 14 x 6 in,Wipe with a soft damp cloth; do not soak or use abrasives.,https://harborandpine.example/products/hpl-off-003,2026-07-04,Catalog Manager
HPL-OFF-004,Tide Laptop Stand,Office,"A practical office essential designed for calm, organized everyday spaces.",93.50,active,healthy,Powder-coated steel,Terracotta,12 x 15 x 7 in,Wipe with a soft damp cloth; do not soak or use abrasives.,https://harborandpine.example/products/hpl-off-004,2026-07-05,Catalog Manager
HPL-OFF-005,Drift Pen Cup,Office,"A practical office essential designed for calm, organized everyday spaces.",17.00,active,moderate,Organic cotton,Navy,13 x 16 x 8 in,Wipe with a soft damp cloth; do not soak or use abrasives.,https://harborandpine.example/products/hpl-off-005,2026-07-06,Catalog Manager
HPL-OFF-006,Stonewell Monitor Riser,Office,"A practical office essential designed for calm, organized everyday spaces.",24.50,active,healthy,Borosilicate glass,Charcoal,14 x 5 x 1 in,Machine wash cold; air dry.,https://harborandpine.example/products/hpl-off-006,2026-07-07,Catalog Manager
HPL-OFF-007,Shoreline Bookend Set,Office,"A practical office essential designed for calm, organized everyday spaces.",31.00,active,healthy,Diatomaceous stone,Natural,15 x 6 x 2 in,Wipe with a soft damp cloth; do not soak or use abrasives.,https://harborandpine.example/products/hpl-off-007,2026-07-08,Catalog Manager
HPL-OFF-008,Cedar File Holder,Office,"A practical office essential designed for calm, organized everyday spaces.",38.50,active,moderate,Recycled polyester,Sand,16 x 7 x 3 in,Wipe with a soft damp cloth; do not soak or use abrasives.,https://harborandpine.example/products/hpl-off-008,2026-07-09,Catalog Manager
HPL-OFF-009,Juniper Desk Pad,Office,"A practical office essential designed for calm, organized everyday spaces.",45.00,active,healthy,Cotton canvas,Slate,17 x 8 x 4 in,Wipe with a soft damp cloth; do not soak or use abrasives.,https://harborandpine.example/products/hpl-off-009,2026-07-10,Catalog Manager
HPL-OFF-010,Mesa Wall Pocket,Office,"A practical office essential designed for calm, organized everyday spaces.",52.50,active,healthy,Steel and bamboo,Forest,18 x 9 x 5 in,Machine wash cold; air dry.,https://harborandpine.example/products/hpl-off-010,2026-07-11,Catalog Manager
HPL-OFF-011,Willow Desk Shelf,Office,"A practical office essential designed for calm, organized everyday spaces.",59.00,active,moderate,Bamboo,Ivory,19 x 10 x 6 in,Wipe with a soft damp cloth; do not soak or use abrasives.,https://harborandpine.example/products/hpl-off-011,2026-07-12,Catalog Manager
HPL-OFF-012,Seabrook Cable Box,Office,"A practical office essential designed for calm, organized everyday spaces.",66.50,active,healthy,Acacia wood,Terracotta,20 x 11 x 7 in,Wipe with a soft damp cloth; do not soak or use abrasives.,https://harborandpine.example/products/hpl-off-012,2026-07-13,Catalog Manager
HPL-OFF-013,Northwind Document Tray,Office,"A practical office essential designed for calm, organized everyday spaces.",73.00,active,healthy,Recycled PET felt,Navy,21 x 12 x 8 in,Wipe with a soft damp cloth; do not soak or use abrasives.,https://harborandpine.example/products/hpl-off-013,2026-07-14,Catalog Manager
HPL-OFF-014,Bayview Laptop Stand,Office,"A practical office essential designed for calm, organized everyday spaces.",80.50,active,moderate,Powder-coated steel,Charcoal,22 x 13 x 1 in,Machine wash cold; air dry.,https://harborandpine.example/products/hpl-off-014,2026-07-15,Catalog Manager
HPL-OFF-015,Hearth Pen Cup,Office,"A practical office essential designed for calm, organized everyday spaces.",87.00,active,healthy,Organic cotton,Natural,23 x 14 x 2 in,Wipe with a soft damp cloth; do not soak or use abrasives.,https://harborandpine.example/products/hpl-off-015,2026-07-16,Catalog Manager
HPL-OFF-016,Cove Monitor Riser,Office,"A practical office essential designed for calm, organized everyday spaces.",94.50,active,healthy,Borosilicate glass,Sand,24 x 15 x 3 in,Wipe with a soft damp cloth; do not soak or use abrasives.,https://harborandpine.example/products/hpl-off-016,2026-07-17,Catalog Manager
HPL-OFF-017,Harbor Bookend Set,Office,"A practical office essential designed for calm, organized everyday spaces.",18.00,active,moderate,Diatomaceous stone,Slate,25 x 16 x 4 in,Wipe with a soft damp cloth; do not soak or use abrasives.,https://harborandpine.example/products/hpl-off-017,2026-07-18,Catalog Manager
HPL-OFF-018,Pine Ridge File Holder,Office,"A practical office essential designed for calm, organized everyday spaces.",25.50,active,healthy,Recycled polyester,Forest,8 x 5 x 5 in,Machine wash cold; air dry.,https://harborandpine.example/products/hpl-off-018,2026-07-01,Catalog Manager
HPL-OFF-019,Tide Desk Pad,Office,"A practical office essential designed for calm, organized everyday spaces.",32.00,active,healthy,Cotton canvas,Ivory,9 x 6 x 6 in,Wipe with a soft damp cloth; do not soak or use abrasives.,https://harborandpine.example/products/hpl-off-019,2026-07-02,Catalog Manager
HPL-OFF-020,Drift Wall Pocket,Office,"A practical office essential designed for calm, organized everyday spaces.",39.50,active,moderate,Steel and bamboo,Terracotta,10 x 7 x 7 in,Wipe with a soft damp cloth; do not soak or use abrasives.,https://harborandpine.example/products/hpl-off-020,2026-07-03,Catalog Manager
HPL-OFF-021,Stonewell Desk Shelf,Office,"A practical office essential designed for calm, organized everyday spaces.",46.00,active,healthy,Bamboo,Navy,11 x 8 x 8 in,Wipe with a soft damp cloth; do not soak or use abrasives.,https://harborandpine.example/products/hpl-off-021,2026-07-04,Catalog Manager
HPL-OFF-022,Shoreline Cable Box,Office,"A practical office essential designed for calm, organized everyday spaces.",53.50,active,healthy,Acacia wood,Charcoal,12 x 9 x 1 in,Machine wash cold; air dry.,https://harborandpine.example/products/hpl-off-022,2026-07-05,Catalog Manager
HPL-OFF-023,Cedar Document Tray,Office,"A practical office essential designed for calm, organized everyday spaces.",60.00,active,moderate,Recycled PET felt,Natural,13 x 10 x 2 in,Wipe with a soft damp cloth; do not soak or use abrasives.,https://harborandpine.example/products/hpl-off-023,2026-07-06,Catalog Manager
HPL-OFF-024,Juniper Laptop Stand,Office,"A practical office essential designed for calm, organized everyday spaces.",67.50,active,healthy,Powder-coated steel,Sand,14 x 11 x 3 in,Wipe with a soft damp cloth; do not soak or use abrasives.,https://harborandpine.example/products/hpl-off-024,2026-07-07,Catalog Manager
HPL-OFF-025,Mesa Pen Cup,Office,"A practical office essential designed for calm, organized everyday spaces.",74.00,active,healthy,Organic cotton,Slate,15 x 12 x 4 in,Wipe with a soft damp cloth; do not soak or use abrasives.,https://harborandpine.example/products/hpl-off-025,2026-07-08,Catalog Manager
HPL-OFF-026,Willow Monitor Riser,Office,"A practical office essential designed for calm, organized everyday spaces.",81.50,active,moderate,Borosilicate glass,Forest,16 x 13 x 5 in,Machine wash cold; air dry.,https://harborandpine.example/products/hpl-off-026,2026-07-09,Catalog Manager
HPL-OFF-027,Seabrook Bookend Set,Office,"A practical office essential designed for calm, organized everyday spaces.",88.00,active,healthy,Diatomaceous stone,Ivory,17 x 14 x 6 in,Wipe with a soft damp cloth; do not soak or use abrasives.,https://harborandpine.example/products/hpl-off-027,2026-07-10,Catalog Manager
HPL-OFF-028,Northwind File Holder,Office,"A practical office essential designed for calm, organized everyday spaces.",95.50,active,healthy,Recycled polyester,Terracotta,18 x 15 x 7 in,Wipe with a soft damp cloth; do not soak or use abrasives.,https://harborandpine.example/products/hpl-off-028,2026-07-11,Catalog Manager
HPL-OFF-029,Bayview Desk Pad,Office,"A practical office essential designed for calm, organized everyday spaces.",19.00,active,moderate,Cotton canvas,Navy,19 x 16 x 8 in,Wipe with a soft damp cloth; do not soak or use abrasives.,https://harborandpine.example/products/hpl-off-029,2026-07-12,Catalog Manager
HPL-OFF-030,Hearth Wall Pocket,Office,"A practical office essential designed for calm, organized everyday spaces.",26.50,active,healthy,Steel and bamboo,Charcoal,20 x 5 x 1 in,Machine wash cold; air dry.,https://harborandpine.example/products/hpl-off-030,2026-07-13,Catalog Manager
HPL-OUT-001,Cove Picnic Blanket,Outdoor,"A practical outdoor essential designed for calm, organized everyday spaces.",33.00,low_stock,low_stock,Bamboo,Natural,21 x 6 x 2 in,Wipe with a soft damp cloth; do not soak or use abrasives.,https://harborandpine.example/products/hpl-out-001,2026-07-14,Catalog Manager
HPL-OUT-002,Harbor Lantern Sleeve,Outdoor,"A practical outdoor essential designed for calm, organized everyday spaces.",40.50,low_stock,low_stock,Acacia wood,Sand,22 x 7 x 3 in,Wipe with a soft damp cloth; do not soak or use abrasives.,https://harborandpine.example/products/hpl-out-002,2026-07-15,Catalog Manager
HPL-OUT-003,Pine Ridge Serving Tray,Outdoor,"A practical outdoor essential designed for calm, organized everyday spaces.",47.00,low_stock,low_stock,Recycled PET felt,Slate,23 x 8 x 4 in,Wipe with a soft damp cloth; do not soak or use abrasives.,https://harborandpine.example/products/hpl-out-003,2026-07-16,Catalog Manager
HPL-OUT-004,Tide Planter Stand,Outdoor,"A practical outdoor essential designed for calm, organized everyday spaces.",54.50,low_stock,low_stock,Powder-coated steel,Forest,24 x 9 x 5 in,Machine wash cold; air dry.,https://harborandpine.example/products/hpl-out-004,2026-07-17,Catalog Manager
HPL-OUT-005,Drift Garden Tote,Outdoor,"A practical outdoor essential designed for calm, organized everyday spaces.",61.00,low_stock,low_stock,Organic cotton,Ivory,25 x 10 x 6 in,Wipe with a soft damp cloth; do not soak or use abrasives.,https://harborandpine.example/products/hpl-out-005,2026-07-18,Catalog Manager
HPL-OUT-006,Stonewell Outdoor Cushion,Outdoor,"A practical outdoor essential designed for calm, organized everyday spaces.",68.50,low_stock,low_stock,Borosilicate glass,Terracotta,8 x 11 x 7 in,Wipe with a soft damp cloth; do not soak or use abrasives.,https://harborandpine.example/products/hpl-out-006,2026-07-01,Catalog Manager
HPL-OUT-007,Shoreline Drink Caddy,Outdoor,"A practical outdoor essential designed for calm, organized everyday spaces.",75.00,low_stock,low_stock,Diatomaceous stone,Navy,9 x 12 x 8 in,Wipe with a soft damp cloth; do not soak or use abrasives.,https://harborandpine.example/products/hpl-out-007,2026-07-02,Catalog Manager
HPL-OUT-008,Cedar Table Cover,Outdoor,"A practical outdoor essential designed for calm, organized everyday spaces.",82.50,low_stock,low_stock,Recycled polyester,Charcoal,10 x 13 x 1 in,Machine wash cold; air dry.,https://harborandpine.example/products/hpl-out-008,2026-07-03,Catalog Manager
HPL-OUT-009,Juniper Tool Organizer,Outdoor,"A practical outdoor essential designed for calm, organized everyday spaces.",89.00,low_stock,low_stock,Cotton canvas,Natural,11 x 14 x 2 in,Wipe with a soft damp cloth; do not soak or use abrasives.,https://harborandpine.example/products/hpl-out-009,2026-07-04,Catalog Manager
HPL-OUT-010,Mesa Patio Basket,Outdoor,"A practical outdoor essential designed for calm, organized everyday spaces.",96.50,low_stock,low_stock,Steel and bamboo,Sand,12 x 15 x 3 in,Wipe with a soft damp cloth; do not soak or use abrasives.,https://harborandpine.example/products/hpl-out-010,2026-07-05,Catalog Manager
HPL-OUT-011,Willow Picnic Blanket,Outdoor,"A practical outdoor essential designed for calm, organized everyday spaces.",20.00,low_stock,low_stock,Bamboo,Slate,13 x 16 x 4 in,Wipe with a soft damp cloth; do not soak or use abrasives.,https://harborandpine.example/products/hpl-out-011,2026-07-06,Catalog Manager
HPL-OUT-012,Seabrook Lantern Sleeve,Outdoor,"A practical outdoor essential designed for calm, organized everyday spaces.",27.50,low_stock,low_stock,Acacia wood,Forest,14 x 5 x 5 in,Machine wash cold; air dry.,https://harborandpine.example/products/hpl-out-012,2026-07-07,Catalog Manager
HPL-OUT-013,Northwind Serving Tray,Outdoor,"A practical outdoor essential designed for calm, organized everyday spaces.",34.00,low_stock,low_stock,Recycled PET felt,Ivory,15 x 6 x 6 in,Wipe with a soft damp cloth; do not soak or use abrasives.,https://harborandpine.example/products/hpl-out-013,2026-07-08,Catalog Manager
HPL-OUT-014,Bayview Planter Stand,Outdoor,"A practical outdoor essential designed for calm, organized everyday spaces.",41.50,low_stock,low_stock,Powder-coated steel,Terracotta,16 x 7 x 7 in,Wipe with a soft damp cloth; do not soak or use abrasives.,https://harborandpine.example/products/hpl-out-014,2026-07-09,Catalog Manager
HPL-OUT-015,Hearth Garden Tote,Outdoor,"A practical outdoor essential designed for calm, organized everyday spaces.",48.00,low_stock,low_stock,Organic cotton,Navy,17 x 8 x 8 in,Wipe with a soft damp cloth; do not soak or use abrasives.,https://harborandpine.example/products/hpl-out-015,2026-07-10,Catalog Manager
HPL-OUT-016,Cove Outdoor Cushion,Outdoor,"A practical outdoor essential designed for calm, organized everyday spaces.",55.50,out_of_stock,out_of_stock,Borosilicate glass,Charcoal,18 x 9 x 1 in,Machine wash cold; air dry.,https://harborandpine.example/products/hpl-out-016,2026-07-11,Catalog Manager
HPL-OUT-017,Harbor Drink Caddy,Outdoor,"A practical outdoor essential designed for calm, organized everyday spaces.",62.00,out_of_stock,out_of_stock,Diatomaceous stone,Natural,19 x 10 x 2 in,Wipe with a soft damp cloth; do not soak or use abrasives.,https://harborandpine.example/products/hpl-out-017,2026-07-12,Catalog Manager
HPL-OUT-018,Pine Ridge Table Cover,Outdoor,"A practical outdoor essential designed for calm, organized everyday spaces.",69.50,out_of_stock,out_of_stock,Recycled polyester,Sand,20 x 11 x 3 in,Wipe with a soft damp cloth; do not soak or use abrasives.,https://harborandpine.example/products/hpl-out-018,2026-07-13,Catalog Manager
HPL-OUT-019,Tide Tool Organizer,Outdoor,"A practical outdoor essential designed for calm, organized everyday spaces.",76.00,out_of_stock,out_of_stock,Cotton canvas,Slate,21 x 12 x 4 in,Wipe with a soft damp cloth; do not soak or use abrasives.,https://harborandpine.example/products/hpl-out-019,2026-07-14,Catalog Manager
HPL-OUT-020,Drift Patio Basket,Outdoor,"A practical outdoor essential designed for calm, organized everyday spaces.",83.50,out_of_stock,out_of_stock,Steel and bamboo,Forest,22 x 13 x 5 in,Machine wash cold; air dry.,https://harborandpine.example/products/hpl-out-020,2026-07-15,Catalog Manager
HPL-OUT-021,Stonewell Picnic Blanket,Outdoor,"A practical outdoor essential designed for calm, organized everyday spaces.",90.00,out_of_stock,out_of_stock,Bamboo,Ivory,23 x 14 x 6 in,Wipe with a soft damp cloth; do not soak or use abrasives.,https://harborandpine.example/products/hpl-out-021,2026-07-16,Catalog Manager
HPL-OUT-022,Shoreline Lantern Sleeve,Outdoor,"A practical outdoor essential designed for calm, organized everyday spaces.",97.50,out_of_stock,out_of_stock,Acacia wood,Terracotta,24 x 15 x 7 in,Wipe with a soft damp cloth; do not soak or use abrasives.,https://harborandpine.example/products/hpl-out-022,2026-07-17,Catalog Manager
HPL-OUT-023,Cedar Serving Tray,Outdoor,"A practical outdoor essential designed for calm, organized everyday spaces.",21.00,out_of_stock,out_of_stock,Recycled PET felt,Navy,25 x 16 x 8 in,Wipe with a soft damp cloth; do not soak or use abrasives.,https://harborandpine.example/products/hpl-out-023,2026-07-18,Catalog Manager
HPL-OUT-024,Juniper Planter Stand,Outdoor,"A practical outdoor essential designed for calm, organized everyday spaces.",28.50,out_of_stock,out_of_stock,Powder-coated steel,Charcoal,8 x 5 x 1 in,Machine wash cold; air dry.,https://harborandpine.example/products/hpl-out-024,2026-07-01,Catalog Manager
HPL-OUT-025,Mesa Garden Tote,Outdoor,"A practical outdoor essential designed for calm, organized everyday spaces.",35.00,out_of_stock,out_of_stock,Organic cotton,Natural,9 x 6 x 2 in,Wipe with a soft damp cloth; do not soak or use abrasives.,https://harborandpine.example/products/hpl-out-025,2026-07-02,Catalog Manager
HPL-OUT-026,Willow Outdoor Cushion,Outdoor,"A practical outdoor essential designed for calm, organized everyday spaces.",42.50,discontinued,discontinued,Borosilicate glass,Sand,10 x 7 x 3 in,Wipe with a soft damp cloth; do not soak or use abrasives.,https://harborandpine.example/products/hpl-out-026,2026-07-03,Catalog Manager
HPL-OUT-027,Seabrook Drink Caddy,Outdoor,"A practical outdoor essential designed for calm, organized everyday spaces.",49.00,discontinued,discontinued,Diatomaceous stone,Slate,11 x 8 x 4 in,Wipe with a soft damp cloth; do not soak or use abrasives.,https://harborandpine.example/products/hpl-out-027,2026-07-04,Catalog Manager
HPL-OUT-028,Northwind Table Cover,Outdoor,"A practical outdoor essential designed for calm, organized everyday spaces.",56.50,discontinued,discontinued,Recycled polyester,Forest,12 x 9 x 5 in,Machine wash cold; air dry.,https://harborandpine.example/products/hpl-out-028,2026-07-05,Catalog Manager
HPL-OUT-029,Bayview Tool Organizer,Outdoor,"A practical outdoor essential designed for calm, organized everyday spaces.",63.00,discontinued,discontinued,Cotton canvas,Ivory,13 x 10 x 6 in,Wipe with a soft damp cloth; do not soak or use abrasives.,https://harborandpine.example/products/hpl-out-029,2026-07-06,Catalog Manager
HPL-OUT-030,Hearth Patio Basket,Outdoor,"A practical outdoor essential designed for calm, organized everyday spaces.",70.50,discontinued,discontinued,Steel and bamboo,Terracotta,14 x 11 x 7 in,Wipe with a soft damp cloth; do not soak or use abrasives.,https://harborandpine.example/products/hpl-out-030,2026-07-07,Catalog Manager
